Myriel	Napoleon
Myriel	Mlle Baptistine
Myriel	Mme Magloire
Myriel	Countess de Lo
Myriel	Geborand
Myriel	Champtercier
Myriel	Cravatte
Myriel	Count
Myriel	Old man
Myriel	Valjean
Mlle Baptistine	Mme Magloire
Mlle Baptistine	Valjean
Mme Magloire	Valjean
Labarre	Valjean
Valjean	Marguerite
Valjean	Mme Der
Valjean	Isabeau
Valjean	Gervais
Valjean	Fantine
Valjean	Mme Thenardier
Valjean	Thenardier
Valjean	Cosette
Valjean	Javert
Valjean	Fauchelevent
Valjean	Bamatabois
Valjean	Simplice
Valjean	Scaufflaire
Valjean	Woman1
Valjean	Judge
Valjean	Champmathieu
Valjean	Brevet
Valjean	Chenildieu
Valjean	Cochepaille
Valjean	Woman2
Valjean	MotherInnocent
Valjean	Gavroche
Valjean	Gillenormand
Valjean	Mlle Gillenormand
Valjean	Marius
Valjean	Enjolras
Valjean	Bossuet
Valjean	Gueulemer
Valjean	Babet
Valjean	Claquesous
Valjean	Montparnasse
Valjean	Toussaint
Marguerite	Fantine
Tholomyes	Listolier
Tholomyes	Fameuil
Tholomyes	Blacheville
Tholomyes	Favourite
Tholomyes	Dahlia
Tholomyes	Zephine
Tholomyes	Fantine
Tholomyes	Cosette
Tholomyes	Marius
Listolier	Fameuil
Listolier	Blacheville
Listolier	Favourite
Listolier	Dahlia
Listolier	Zephine
Listolier	Fantine
Fameuil	Blacheville
Fameuil	Favourite
Fameuil	Dahlia
Fameuil	Zephine
Fameuil	Fantine
Blacheville	Favourite
Blacheville	Dahlia
Blacheville	Zephine
Blacheville	Fantine
Favourite	Dahlia
Favourite	Zephine
Favourite	Fantine
Dahlia	Zephine
Dahlia	Fantine
Zephine	Fantine
Fantine	Mme Thenardier
Fantine	Thenardier
Fantine	Javert
Fantine	Bamatabois
Fantine	Perpetue
Fantine	Simplice
Mme Thenardier	Thenardier
Mme Thenardier	Cosette
Mme Thenardier	Javert
Mme Thenardier	Eponine
Mme Thenardier	Anzelma
Mme Thenardier	Magnon
Mme Thenardier	Gueulemer
Mme Thenardier	Babet
Mme Thenardier	Claquesous
Thenardier	Cosette
Thenardier	Javert
Thenardier	Pontmercy
Thenardier	Boulatruelle
Thenardier	Eponine
Thenardier	Anzelma
Thenardier	Gavroche
Thenardier	Marius
Thenardier	Gueulemer
Thenardier	Babet
Thenardier	Claquesous
Thenardier	Montparnasse
Thenardier	Brujon
Cosette	Javert
Cosette	Woman2
Cosette	Gillenormand
Cosette	Mlle Gillenormand
Cosette	Lt Gillenormand
Cosette	Marius
Cosette	Toussaint
Javert	Fauchelevent
Javert	Bamatabois
Javert	Simplice
Javert	Woman1
Javert	Woman2
Javert	Gavroche
Javert	Enjolras
Javert	Gueulemer
Javert	Babet
Javert	Claquesous
Javert	Montparnasse
Javert	Toussaint
Fauchelevent	MotherInnocent
Fauchelevent	Gribier
Bamatabois	Judge
Bamatabois	Champmathieu
Bamatabois	Brevet
Bamatabois	Chenildieu
Bamatabois	Cochepaille
Perpetue	Simplice
Judge	Champmathieu
Judge	Brevet
Judge	Chenildieu
Judge	Cochepaille
Champmathieu	Brevet
Champmathieu	Chenildieu
Champmathieu	Cochepaille
Brevet	Chenildieu
Brevet	Cochepaille
Chenildieu	Cochepaille
Pontmercy	Mme Pontmercy
Pontmercy	Marius
Eponine	Anzelma
Eponine	Marius
Eponine	Mabeuf
Eponine	Courfeyrac
Eponine	Gueulemer
Eponine	Babet
Eponine	Claquesous
Eponine	Montparnasse
Eponine	Brujon
Jondrette	Mme Burgon
Mme Burgon	Gavroche
Gavroche	Marius
Gavroche	Mabeuf
Gavroche	Enjolras
Gavroche	Combeferre
Gavroche	Prouvaire
Gavroche	Feuilly
Gavroche	Courfeyrac
Gavroche	Bahorel
Gavroche	Bossuet
Gavroche	Joly
Gavroche	Grantaire
Gavroche	Gueulemer
Gavroche	Babet
Gavroche	Montparnasse
Gavroche	Child1
Gavroche	Child2
Gavroche	Brujon
Gavroche	Mme Hucheloup
Gillenormand	Magnon
Gillenormand	Mlle Gillenormand
Gillenormand	Lt Gillenormand
Gillenormand	Marius
Gillenormand	Baroness
Mlle Gillenormand	Mme Pontmercy
Mlle Gillenormand	Mlle Vaubois
Mlle Gillenormand	Lt Gillenormand
Mlle Gillenormand	Marius
Lt Gillenormand	Marius
Marius	Baroness
Marius	Mabeuf
Marius	Enjolras
Marius	Combeferre
Marius	Feuilly
Marius	Courfeyrac
Marius	Bahorel
Marius	Bossuet
Marius	Joly
Mabeuf	Enjolras
Mabeuf	Combeferre
Mabeuf	Feuilly
Mabeuf	Courfeyrac
Mabeuf	Bahorel
Mabeuf	Bossuet
Mabeuf	Joly
Mabeuf	MotherPlutarch
Enjolras	Combeferre
Enjolras	Prouvaire
Enjolras	Feuilly
Enjolras	Courfeyrac
Enjolras	Bahorel
Enjolras	Bossuet
Enjolras	Joly
Enjolras	Grantaire
Enjolras	Claquesous
Enjolras	Mme Hucheloup
Combeferre	Prouvaire
Combeferre	Feuilly
Combeferre	Courfeyrac
Combeferre	Bahorel
Combeferre	Bossuet
Combeferre	Joly
Combeferre	Grantaire
Prouvaire	Feuilly
Prouvaire	Courfeyrac
Prouvaire	Bahorel
Prouvaire	Bossuet
Prouvaire	Joly
Prouvaire	Grantaire
Feuilly	Courfeyrac
Feuilly	Bahorel
Feuilly	Bossuet
Feuilly	Joly
Feuilly	Grantaire
Courfeyrac	Bahorel
Courfeyrac	Bossuet
Courfeyrac	Joly
Courfeyrac	Grantaire
Courfeyrac	Mme Hucheloup
Bahorel	Bossuet
Bahorel	Joly
Bahorel	Grantaire
Bahorel	Mme Hucheloup
Bossuet	Joly
Bossuet	Grantaire
Bossuet	Mme Hucheloup
Joly	Grantaire
Joly	Mme Hucheloup
Grantaire	Mme Hucheloup
Gueulemer	Babet
Gueulemer	Claquesous
Gueulemer	Montparnasse
Gueulemer	Brujon
Babet	Claquesous
Babet	Montparnasse
Babet	Brujon
Claquesous	Montparnasse
Claquesous	Brujon
Montparnasse	Brujon
Child1	Child2
