Pablo Picasso	Edouard Manet
Pablo Picasso	Henri Matisse
Claude Monet	Edouard Manet
Claude Monet	Pierre-Auguste Renoir
Michelangelo	Leonardo da Vinci
Edouard Manet	Pablo Picasso
Edouard Manet	Claude Monet
Edouard Manet	Edgar Degas
Edouard Manet	Paul Cezanne
Edouard Manet	Pierre-Auguste Renoir
Peter Paul Rubens	Michelangelo
Peter Paul Rubens	Rembrandt
Peter Paul Rubens	Leonardo da Vinci
Rembrandt	Michelangelo
Rembrandt	Peter Paul Rubens
Rembrandt	Vincent van Gogh
Rembrandt	Leonardo da Vinci
Gustav Klimt	Pablo Picasso
Gustav Klimt	Egon Schiele
Edgar Degas	Claude Monet
Edgar Degas	Michelangelo
Edgar Degas	Edouard Manet
Edgar Degas	Vincent van Gogh
Edgar Degas	Paul Cezanne
Edgar Degas	Pierre-Auguste Renoir
Vincent van Gogh	Pablo Picasso
Vincent van Gogh	Claude Monet
Vincent van Gogh	Peter Paul Rubens
Vincent van Gogh	Rembrandt
Vincent van Gogh	Edgar Degas
Vincent van Gogh	Henri Matisse
Vincent van Gogh	Paul Cezanne
Leonardo da Vinci	Michelangelo
Leonardo da Vinci	Peter Paul Rubens
Henri Matisse	Pablo Picasso
Henri Matisse	Edouard Manet
Henri Matisse	Vincent van Gogh
Henri Matisse	Paul Cezanne
Henri Matisse	Pierre-Auguste Renoir
Paul Cezanne	Pablo Picasso
Paul Cezanne	Claude Monet
Paul Cezanne	Edouard Manet
Paul Cezanne	Henri Matisse
Paul Cezanne	Pierre-Auguste Renoir
Pierre-Auguste Renoir	Claude Monet
Pierre-Auguste Renoir	Edouard Manet
Pierre-Auguste Renoir	Peter Paul Rubens
Pierre-Auguste Renoir	Edgar Degas
Egon Schiele	Gustav Klimt
Egon Schiele	Vincent van Gogh
